{
    "boxes": [
        {
            "id": "1",
            "label": "Bowl",
            "x": "131.9047",
            "y": "264.0923",
            "width": "2.3816",
            "height": "14.6907"
        },
        {
            "id": "2",
            "label": "Bowl",
            "x": "142.4381",
            "y": "328.6767",
            "width": "5.1930",
            "height": "10.4541"
        },
        {
            "id": "3",
            "label": "Bowl",
            "x": "342.7459",
            "y": "284.1579",
            "width": "2.0815",
            "height": "13.3961"
        },
        {
            "id": "4",
            "label": "Bowl",
            "x": "186.5609",
            "y": "136.9015",
            "width": "4.9696",
            "height": "2.3695"
        }
    ],
    "height": 512,
    "key": "0000.jpg",
    "width": 512
}