{
    "boxes": [
        {
            "id": "1",
            "type": "polygon",
            "label": "Bowl",
            "x": "237.7566",
            "y": "343.4281",
            "width": "39.6158",
            "height": "20.5050",
            "points": [
                [
                    217.94870229867786,
                    348.71794773982117
                ],
                [
                    221.65838009599145,
                    338.8145283523718
                ],
                [
                    229.86551018364418,
                    334.2009015236598
                ],
                [
                    236.53375935346946,
                    333.17561982911985
                ],
                [
                    247.8185573538064,
                    335.73877713323037
                ],
                [
                    254.4868534851172,
                    342.4028734865439
                ],
                [
                    257.5645213978014,
                    348.55437592482656
                ],
                [
                    251.92209891689015,
                    353.68064360080854
                ]
            ]
        }
    ],
    "height": 512,
    "key": "0001.jpg",
    "width": 512
}