{
    "boxes": [
        {
            "id": "1",
            "type": "polygon",
            "label": "Bowl",
            "x": "54.9490",
            "y": "298.9909",
            "width": "21.9503",
            "height": "16.2054",
            "points": [
                [
                    43.973898422172056,
                    296.87455825124425
                ],
                [
                    49.70870569209126,
                    291.29332567556605
                ],
                [
                    58.22184549077875,
                    290.88821525871623
                ],
                [
                    63.491859670879606,
                    290.8882152587163
                ],
                [
                    64.70802249926356,
                    292.9138786166559
                ],
                [
                    65.51882246108222,
                    296.96524242376523
                ],
                [
                    65.92418532764748,
                    307.09359630469345
                ]
            ]
        },
        {
            "id": "2",
            "type": "polygon",
            "label": "Bowl",
            "x": "289.2350",
            "y": "342.1378",
            "width": "26.0604",
            "height": "9.3181",
            "points": [
                [
                    276.2047821367225,
                    346.1172325467379
                ],
                [
                    281.1850059516019,
                    342.34035386197775
                ],
                [
                    288.4819829219054,
                    337.8838796380185
                ],
                [
                    295.3735970256438,
                    337.4787321299386
                ],
                [
                    300.2382483391795,
                    343.9609068030676
                ],
                [
                    302.26521112938207,
                    346.79686517716726
                ]
            ]
        },
        {
            "id": "3",
            "type": "polygon",
            "label": "Bowl",
            "x": "340.7129",
            "y": "339.2655",
            "width": "24.4515",
            "height": "10.0558",
            "points": [
                [
                    328.48712768502446,
                    344.293429795053
                ],
                [
                    340.371621675849,
                    336.6684742050087
                ],
                [
                    349.2901243411016,
                    334.2376633389892
                ],
                [
                    351.7224499978694,
                    338.6941375629484
                ],
                [
                    352.93861282625335,
                    342.3403538619778
                ]
            ]
        },
        {
            "id": "4",
            "type": "polygon",
            "label": "Bowl",
            "x": "428.2656",
            "y": "324.5765",
            "width": "17.1766",
            "height": "9.0371",
            "points": [
                [
                    419.67726526927197,
                    329.09507353101174
                ],
                [
                    422.6653311393905,
                    323.7041619499809
                ],
                [
                    427.1245453576728,
                    320.0579456509516
                ],
                [
                    434.4215223279764,
                    320.8682035758813
                ],
                [
                    436.85384798474394,
                    324.10927236683074
                ]
            ]
        }
    ],
    "height": 512,
    "key": "0002.jpg",
    "width": 512
}