{
    "boxes": [
        {
            "id": "1",
            "type": "polygon",
            "label": "Bowl",
            "x": "119.5376",
            "y": "323.9484",
            "width": "46.2546",
            "height": "20.5050",
            "points": [
                [
                    96.41024076021637,
                    325.6410246628981
                ],
                [
                    99.57753723902565,
                    320.36002103752367
                ],
                [
                    111.37529554530519,
                    313.69587775197107
                ],
                [
                    126.76363510872582,
                    313.69587775197107
                ],
                [
                    138.04838614757733,
                    318.822145427953
                ],
                [
                    142.66488801660347,
                    326.51152347580637
                ],
                [
                    141.63901436620398,
                    334.20090152365975
                ]
            ]
        },
        {
            "id": "2",
            "type": "polygon",
            "label": "Bowl",
            "x": "338.0261",
            "y": "330.9488",
            "width": "55.5394",
            "height": "17.0767",
            "points": [
                [
                    310.2563946063701,
                    339.48717850905194
                ],
                [
                    320.6567136078261,
                    331.1251503045184
                ],
                [
                    329.3768040014214,
                    322.92313140939507
                ],
                [
                    341.17446838473006,
                    322.4104905621252
                ],
                [
                    351.94630607912444,
                    322.923131409395
                ],
                [
                    363.2311510409469,
                    323.43577225666496
                ],
                [
                    365.795811686203,
                    330.0998686099785
                ],
                [
                    362.71814377351905,
                    336.2513710482612
                ]
            ]
        }
    ],
    "height": 512,
    "key": "0003.jpg",
    "width": 512
}