{
    "boxes": [
        {
            "id": "1",
            "type": "polygon",
            "label": "Bowl",
            "x": "82.3576",
            "y": "256.6362",
            "width": "15.6142",
            "height": "7.5914",
            "points": [
                [
                    74.55049567871704,
                    256.81319375613367
                ],
                [
                    79.53010088982253,
                    252.8404661225237
                ],
                [
                    82.31535929702679,
                    253.34655083183372
                ],
                [
                    86.36660631958048,
                    254.1056894793352
                ],
                [
                    88.39225301236715,
                    257.14224406934125
                ],
                [
                    90.16466489166817,
                    260.43185259753875
                ]
            ]
        },
        {
            "id": "2",
            "type": "polygon",
            "label": "Bowl",
            "x": "369.4330",
            "y": "265.3320",
            "width": "20.1941",
            "height": "8.0235",
            "points": [
                [
                    359.33595010832335,
                    269.34375375103633
                ],
                [
                    363.07181085264943,
                    263.85072420558123
                ],
                [
                    366.36344616078554,
                    261.8263506177317
                ],
                [
                    371.9339166121743,
                    261.3202543248852
                ],
                [
                    376.2383984482136,
                    263.59767026738973
                ],
                [
                    379.5300337563498,
                    265.8750862098942
                ]
            ]
        },
        {
            "id": "3",
            "type": "polygon",
            "label": "Bowl",
            "x": "440.1724",
            "y": "242.8700",
            "width": "8.8622",
            "height": "9.6600",
            "points": [
                [
                    436.41787977393676,
                    247.70005921438627
                ],
                [
                    435.7413006232482,
                    240.06437219484312
                ],
                [
                    440.0457824592875,
                    238.0400101905301
                ],
                [
                    444.6034527457927,
                    240.5704684876896
                ]
            ]
        }
    ],
    "height": 512,
    "key": "0004.jpg",
    "width": 512
}