{
    "boxes": [
        {
            "id": "1",
            "type": "polygon",
            "label": "Bowl",
            "x": "235.3624",
            "y": "129.3770",
            "width": "9.9553",
            "height": "5.8504",
            "points": [
                [
                    230.38469315516596,
                    126.45175401686154
                ],
                [
                    234.79559561486832,
                    132.30217162915318
                ],
                [
                    240.34000690548183,
                    128.83906472031944
                ]
            ]
        },
        {
            "id": "2",
            "type": "polygon",
            "label": "Bowl",
            "x": "312.8884",
            "y": "153.9690",
            "width": "10.1473",
            "height": "13.4613",
            "points": [
                [
                    307.81474019750743,
                    147.2383438268861
                ],
                [
                    308.9523583621732,
                    155.8513398266835
                ],
                [
                    317.96208222903977,
                    160.69968632847684
                ]
            ]
        },
        {
            "id": "3",
            "type": "polygon",
            "label": "Bowl",
            "x": "362.6641",
            "y": "361.3870",
            "width": "6.9305",
            "height": "16.2766",
            "points": [
                [
                    366.129317909416,
                    354.2876684926654
                ],
                [
                    361.6244877014797,
                    353.24873483472834
                ],
                [
                    359.19881965889766,
                    356.36553580853956
                ],
                [
                    359.8918314133532,
                    369.52535157382954
                ]
            ]
        },
        {
            "id": "4",
            "type": "polygon",
            "label": "Bowl",
            "x": "220.1169",
            "y": "494.8457",
            "width": "8.5657",
            "height": "7.3720",
            "points": [
                [
                    215.83408028814875,
                    498.5317116163013
                ],
                [
                    219.89492285466366,
                    491.15975606529764
                ],
                [
                    221.62754741729324,
                    492.54501151112686
                ],
                [
                    224.3997847880969,
                    494.276557039109
                ]
            ]
        },
        {
            "id": "5",
            "type": "polygon",
            "label": "Bowl",
            "x": "250.6943",
            "y": "479.4319",
            "width": "10.4788",
            "height": "7.0197",
            "points": [
                [
                    245.45497076743374,
                    482.94176925878287
                ],
                [
                    250.38931185502537,
                    475.9220729841336
                ],
                [
                    255.933723145639,
                    478.34626208789973
                ]
            ]
        }
    ],
    "height": 512,
    "key": "0005.jpg",
    "width": 512
}