{
    "boxes": [
        {
            "id": "1",
            "type": "polygon",
            "label": "Bowl",
            "x": "209.8606",
            "y": "255.7692",
            "width": "124.1326",
            "height": "59.4645",
            "points": [
                [
                    217.94870229867786,
                    245.64102466289808
                ],
                [
                    200.62766501314496,
                    237.82733203573832
                ],
                [
                    183.7004914933822,
                    230.13795398788494
                ],
                [
                    167.2862313180765,
                    239.36520764530897
                ],
                [
                    157.5403142355671,
                    251.6682125218743
                ],
                [
                    149.33318414791415,
                    267.55960946485084
                ],
                [
                    156.00148027922506,
                    272.6858771408329
                ],
                [
                    147.79435019157222,
                    285.5014759324291
                ],
                [
                    200.1147047072024,
                    256.7944801978562
                ],
                [
                    229.35254987770168,
                    265.5090930080104
                ],
                [
                    260.6421893104855,
                    248.07986738770217
                ],
                [
                    271.926940349337,
                    232.1884704447255
                ],
                [
                    269.87519304853794,
                    226.03696800644286
                ],
                [
                    256.0256874414594,
                    232.70111129199546
                ],
                [
                    244.74088944112242,
                    231.67582959745562
                ],
                [
                    236.02084600901247,
                    240.90308325487962
                ],
                [
                    224.73604800867548,
                    249.61774299727284
                ],
                [
                    219.0936724892498,
                    247.05458569316232
                ]
            ]
        }
    ],
    "height": 512,
    "key": "0006.jpg",
    "width": 512
}