{
    "boxes": [
        {
            "id": "1",
            "type": "polygon",
            "label": "Bowl",
            "x": "255.2562",
            "y": "225.0589",
            "width": "14.8754",
            "height": "115.7589",
            "points": [
                [
                    257.94870229867786,
                    167.17948620135968
                ],
                [
                    256.5386007859164,
                    200.9183174060422
                ],
                [
                    247.81855735380643,
                    219.3728247208902
                ],
                [
                    248.33151765974895,
                    237.82733203573832
                ],
                [
                    250.8962252664906,
                    264.4838582457096
                ],
                [
                    251.9220989168901,
                    282.9383655605576
                ],
                [
                    259.61626869860044,
                    276.7868631222749
                ],
                [
                    259.1033553541434,
                    259.8702314169975
                ],
                [
                    254.99976682957424,
                    231.16323568242476
                ],
                [
                    253.4609328732322,
                    216.80971434901878
                ],
                [
                    262.6939366112847,
                    201.43095825331207
                ]
            ]
        }
    ],
    "height": 512,
    "key": "0007.jpg",
    "width": 512
}