{
    "boxes": [
        {
            "id": "1",
            "type": "polygon",
            "label": "Bowl",
            "x": "263.3904",
            "y": "316.2217",
            "width": "60.1142",
            "height": "247.3152",
            "points": [
                [
                    233.33331768329333,
                    192.56410158597504
                ],
                [
                    241.15026122249571,
                    216.29707350174888
                ],
                [
                    243.71501579072287,
                    245.51671008359162
                ],
                [
                    245.7794378276646,
                    259.395664689173
                ],
                [
                    242.11422777624077,
                    264.0575668118003
                ],
                [
                    237.7826602686097,
                    266.38848738682645
                ],
                [
                    249.7778266071921,
                    274.7132864747001
                ],
                [
                    256.44182824326157,
                    297.689703909847
                ],
                [
                    260.10697728411446,
                    311.00937635318746
                ],
                [
                    263.77218733553826,
                    348.9704138547346
                ],
                [
                    266.43780019208026,
                    388.2633972602144
                ],
                [
                    278.9857486177277,
                    413.50301599049294
                ],
                [
                    288.3859179165918,
                    424.34258490426623
                ],
                [
                    290.5551826624292,
                    439.8793113739209
                ],
                [
                    293.4475577237811,
                    425.42654179564363
                ],
                [
                    291.2782929779437,
                    417.8388435560023
                ],
                [
                    281.155013363565,
                    405.1926908498465
                ],
                [
                    271.0317999498927,
                    387.4880505974371
                ],
                [
                    268.1394248885407,
                    350.633516290608
                ],
                [
                    266.69327045821785,
                    319.1987664406655
                ],
                [
                    259.82395416330166,
                    297.519628613119
                ],
                [
                    254.40079229870815,
                    276.92444767694974
                ],
                [
                    257.2931011593538,
                    266.08487876317645
                ],
                [
                    251.50841723735618,
                    261.7490511976672
                ],
                [
                    246.44677743016683,
                    242.96045405388045
                ],
                [
                    245.3621450572482,
                    216.22286175981944
                ]
            ]
        }
    ],
    "height": 512,
    "key": "0008.jpg",
    "width": 512
}