{
    "boxes": [
        {
            "id": "1",
            "type": "polygon",
            "label": "Bowl",
            "x": "256.4761",
            "y": "314.7836",
            "width": "27.8240",
            "height": "135.2082",
            "points": [
                [
                    242.5640869140625,
                    247.17948620135962
                ],
                [
                    246.79268370340702,
                    270.1227198367223
                ],
                [
                    253.4609328732322,
                    302.4181076377065
                ],
                [
                    251.4091855724331,
                    314.208518599241
                ],
                [
                    244.74088944112236,
                    321.89789664709434
                ],
                [
                    254.99976682957418,
                    325.9988826285364
                ],
                [
                    258.0774347422585,
                    337.7892466578319
                ],
                [
                    261.1551026549425,
                    348.5543759248266
                ],
                [
                    260.12927596602856,
                    371.6225100683866
                ],
                [
                    270.3881063929949,
                    382.3876393353813
                ],
                [
                    267.3104384803109,
                    371.1099161533558
                ],
                [
                    264.74577783505475,
                    361.88266249593175
                ],
                [
                    264.2327705676267,
                    350.6048923816671
                ],
                [
                    265.2586911795118,
                    337.7892466578319
                ],
                [
                    260.1292759660285,
                    324.4610070189657
                ],
                [
                    257.0515610918589,
                    318.82214542795293
                ],
                [
                    258.59039504820106,
                    310.10748568555977
                ],
                [
                    256.0256874414594,
                    292.67826006525155
                ],
                [
                    252.9480195287752,
                    272.6858771408328
                ]
            ]
        }
    ],
    "height": 512,
    "key": "0009.jpg",
    "width": 512
}