{
    "boxes": [
        {
            "id": "1",
            "type": "polygon",
            "label": "Bowl",
            "x": "174.1843",
            "y": "248.8285",
            "width": "167.0640",
            "height": "141.2055",
            "points": [
                [
                    257.7162804788289,
                    178.2257737870718
                ],
                [
                    243.79429001178505,
                    187.69868331750712
                ],
                [
                    202.91692975795357,
                    203.3881867629877
                ],
                [
                    169.1486756352232,
                    211.9729978973172
                ],
                [
                    161.15093123773448,
                    210.78890283877433
                ],
                [
                    160.55848764741745,
                    215.52533727734303
                ],
                [
                    154.63424157786247,
                    219.96576150237533
                ],
                [
                    156.41151811063776,
                    227.95852510743345
                ],
                [
                    142.1933058484355,
                    242.16788262753676
                ],
                [
                    127.08645531984561,
                    253.71298561262074
                ],
                [
                    116.42279612319388,
                    260.521654159136
                ],
                [
                    103.09322212737928,
                    275.32305920851076
                ],
                [
                    93.02197940195677,
                    299.5973873394202
                ],
                [
                    94.79925593473212,
                    319.43126414309864
                ],
                [
                    90.65228639795231,
                    301.07751971369805
                ],
                [
                    101.61216738976248,
                    272.06675714422
                ],
                [
                    117.31143438958156,
                    252.23285323834287
                ],
                [
                    137.75011451649732,
                    239.20761787898104
                ],
                [
                    149.30241197953663,
                    228.25456242316852
                ],
                [
                    152.8569650450872,
                    216.70945943808456
                ],
                [
                    151.07968851231192,
                    210.78890283877436
                ],
                [
                    149.89482845076583,
                    206.05244129800704
                ],
                [
                    155.8191016394086,
                    209.01273314876147
                ],
                [
                    168.85245384006475,
                    206.3484650626428
                ],
                [
                    185.44035910627147,
                    201.90804083761049
                ],
                [
                    212.69195068821762,
                    192.13910754253945
                ],
                [
                    228.68743948319513,
                    187.40265955287146
                ]
            ]
        }
    ],
    "height": 512,
    "key": "0010.jpg",
    "width": 512
}