{
    "boxes": [
        {
            "id": "1",
            "type": "polygon",
            "label": "Bowl",
            "x": "247.8186",
            "y": "268.0722",
            "width": "187.7378",
            "height": "167.1158",
            "points": [
                [
                    341.6874756521579,
                    184.51432654803466
                ],
                [
                    326.2991360887373,
                    195.79207319617979
                ],
                [
                    318.60496630702704,
                    198.3552070341707
                ],
                [
                    309.88487591343164,
                    193.74158020545872
                ],
                [
                    312.4496304816587,
                    205.01935031972334
                ],
                [
                    300.13895883092215,
                    214.24660397714737
                ],
                [
                    284.75061926750146,
                    228.6000783783142
                ],
                [
                    270.9011136604229,
                    239.8778484925789
                ],
                [
                    240.12438757209623,
                    260.8954661792983
                ],
                [
                    219.60658583370673,
                    275.7616283599742
                ],
                [
                    200.1147047072024,
                    294.7287295898531
                ],
                [
                    188.31699336240837,
                    319.8473801902537
                ],
                [
                    177.54515566801405,
                    332.6630259140891
                ],
                [
                    153.94968601694052,
                    351.63012714396797
                ],
                [
                    189.34286701280803,
                    332.6630259140891
                ],
                [
                    204.21824627028616,
                    298.31712165626436
                ],
                [
                    234.48201205267043,
                    270.12271983672235
                ],
                [
                    276.5434422183633,
                    240.90308325487962
                ],
                [
                    292.95770239366897,
                    231.16323568242478
                ],
                [
                    307.32012134520454,
                    215.27183873944813
                ],
                [
                    312.44963048165874,
                    212.19608752030678
                ],
                [
                    327.32496277765136,
                    210.6582119107361
                ],
                [
                    316.0402117388,
                    203.48147471015267
                ],
                [
                    328.8637967339935,
                    199.89308264374142
                ]
            ]
        }
    ],
    "height": 512,
    "key": "0011.jpg",
    "width": 512
}