{
    "boxes": [
        {
            "id": "1",
            "type": "polygon",
            "label": "Bowl",
            "x": "283.7247",
            "y": "256.5382",
            "width": "183.6342",
            "height": "44.5984",
            "points": [
                [
                    197.94870229867786,
                    276.41025543212885
                ],
                [
                    231.91725748444327,
                    272.6858771408328
                ],
                [
                    259.6162686986005,
                    264.48385824570954
                ],
                [
                    300.65187217537925,
                    254.23136982598476
                ],
                [
                    326.29913608873744,
                    252.69349421641414
                ],
                [
                    333.4802986030196,
                    258.33235580742684
                ],
                [
                    359.12756251637785,
                    239.8778484925789
                ],
                [
                    375.0288154242554,
                    234.23898690156608
                ],
                [
                    375.5418226916835,
                    243.46624055899008
                ],
                [
                    355.53698125923654,
                    253.20608813144491
                ],
                [
                    345.7909702537561,
                    262.433341788869
                ],
                [
                    330.91563795776347,
                    268.0722503121208
                ],
                [
                    327.8379700450794,
                    261.9207478738381
                ],
                [
                    325.2732154768522,
                    259.8702314169975
                ],
                [
                    303.2166267436063,
                    261.4081070265682
                ],
                [
                    289.8800344809847,
                    264.48385824570954
                ],
                [
                    263.20694387871265,
                    270.1227198367223
                ],
                [
                    239.09851392169662,
                    278.3247387318456
                ],
                [
                    191.90757461954968,
                    278.8373795791155
                ],
                [
                    196.52407648857576,
                    277.29950396954484
                ]
            ]
        },
        {
            "id": "2",
            "type": "polygon",
            "label": "Bowl",
            "x": "165.4437",
            "y": "482.4598",
            "width": "98.0669",
            "height": "30.9779",
            "points": [
                [
                    116.41024076021637,
                    497.9487169705904
                ],
                [
                    126.76363510872582,
                    480.81167834790426
                ],
                [
                    148.82022384197177,
                    475.1728167568915
                ],
                [
                    182.6745708814972,
                    466.97079786176823
                ],
                [
                    201.65353866354442,
                    470.0465490809096
                ],
                [
                    214.4771706202236,
                    475.1728167568915
                ]
            ]
        }
    ],
    "height": 512,
    "key": "0012.jpg",
    "width": 512
}