{
    "boxes": [
        {
            "id": "1",
            "type": "polygon",
            "label": "Bowl",
            "x": "269.6040",
            "y": "176.6076",
            "width": "73.3781",
            "height": "18.9458",
            "points": [
                [
                    232.9149410339534,
                    180.05376884831358
                ],
                [
                    252.9747167312682,
                    167.43073214060217
                ],
                [
                    278.44903178043904,
                    171.5751190498994
                ],
                [
                    299.18390658342554,
                    169.20690183061507
                ],
                [
                    306.29301271452664,
                    167.13469482486713
                ],
                [
                    283.4846667026942,
                    186.0805138857378
                ],
                [
                    269.5626491165626,
                    180.75200481569902
                ],
                [
                    252.38230026003902,
                    178.9758351256861
                ]
            ]
        },
        {
            "id": "2",
            "type": "polygon",
            "label": "Bowl",
            "x": "153.4472",
            "y": "206.7577",
            "width": "52.1334",
            "height": "33.6576",
            "points": [
                [
                    144.51683220200007,
                    223.5865058610343
                ],
                [
                    133.60099435925355,
                    213.611144080938
                ],
                [
                    127.38052649454005,
                    207.39455016589275
                ],
                [
                    131.5274960313198,
                    195.25738610043805
                ],
                [
                    141.30251696158385,
                    191.7050467204122
                ],
                [
                    152.262397953394,
                    189.9288770303993
                ],
                [
                    158.186644022949,
                    207.69057393052847
                ],
                [
                    178.32910235470632,
                    211.83497439092505
                ],
                [
                    179.5139624162524,
                    216.86744614522874
                ],
                [
                    169.73894148598836,
                    219.82773799598314
                ]
            ]
        }
    ],
    "height": 512,
    "key": "0013.jpg",
    "width": 512
}