{
    "boxes": [
        {
            "id": "1",
            "type": "polygon",
            "label": "Bowl",
            "x": "274.4279",
            "y": "187.3827",
            "width": "42.1891",
            "height": "21.9450",
            "points": [
                [
                    253.33331768329322,
                    176.4102554321289
                ],
                [
                    271.926940349337,
                    198.35520703417075
                ],
                [
                    295.52245696189607,
                    186.05220215760542
                ]
            ]
        }
    ],
    "height": 512,
    "key": "0014.jpg",
    "width": 512
}