{
    "boxes": [
        {
            "id": "1",
            "type": "polygon",
            "label": "Bowl",
            "x": "271.9269",
            "y": "344.0234",
            "width": "27.6990",
            "height": "18.6198",
            "points": [
                [
                    260.25639460637024,
                    353.3333323552058
                ],
                [
                    258.07743474225845,
                    344.96603079065443
                ],
                [
                    259.1033553541435,
                    338.81452835237167
                ],
                [
                    266.79752513585385,
                    335.22613628596054
                ],
                [
                    278.0822761747054,
                    334.71349543869053
                ],
                [
                    284.23761200007357,
                    338.3018875051018
                ],
                [
                    285.7764459564157,
                    345.47862470568526
                ]
            ]
        }
    ],
    "height": 512,
    "key": "0015.jpg",
    "width": 512
}