{
    "boxes": [
        {
            "id": "1",
            "type": "polygon",
            "label": "Bowl",
            "x": "217.0419",
            "y": "299.0861",
            "width": "24.6213",
            "height": "24.0934",
            "points": [
                [
                    222.5640869140625,
                    291.0256400475135
                ],
                [
                    216.01600457656562,
                    287.0393515419998
                ],
                [
                    206.27004053257065,
                    291.65297837071176
                ],
                [
                    204.7312065762286,
                    301.9055137226756
                ],
                [
                    218.06775187736469,
                    311.13276738009966
                ],
                [
                    228.8395895717591,
                    306.51914055138764
                ],
                [
                    229.35254987770173,
                    295.75401128439296
                ]
            ]
        },
        {
            "id": "2",
            "label": "Bowl",
            "x": "154.03",
            "y": "201.87",
            "width": "6.00",
            "height": "9.38"
        }
    ],
    "height": 512,
    "key": "0016.jpg",
    "width": 512
}