{
    "boxes": [
        {
            "id": "1",
            "type": "polygon",
            "label": "Bowl",
            "x": "296.8048",
            "y": "235.0079",
            "width": "11.7977",
            "height": "23.0681",
            "points": [
                [
                    301.79485614483167,
                    228.71794773982117
                ],
                [
                    297.0612909182381,
                    223.4738576345714
                ],
                [
                    290.9059550928697,
                    234.23898690156614
                ],
                [
                    293.47061573812584,
                    245.51671008359156
                ],
                [
                    302.7036194761784,
                    246.54199177813146
                ]
            ]
        },
        {
            "id": "2",
            "label": "Bowl",
            "x": "185.44",
            "y": "259.68",
            "width": "11.91",
            "height": "12.69"
        }
    ],
    "height": 512,
    "key": "0017.jpg",
    "width": 512
}