{
    "boxes": [
        {
            "id": "1",
            "type": "polygon",
            "label": "Bowl",
            "x": "241.4067",
            "y": "307.5884",
            "width": "30.2637",
            "height": "314.6639",
            "points": [
                [
                    227.94870229867786,
                    150.25640927828272
                ],
                [
                    234.99492539712742,
                    173.74919728103995
                ],
                [
                    247.30559704786396,
                    184.00168570076482
                ],
                [
                    250.89622526649066,
                    200.40570002489181
                ],
                [
                    243.71501579072276,
                    217.83494911131956
                ],
                [
                    246.2797233974644,
                    248.0798673877021
                ],
                [
                    241.66322152843816,
                    295.7540112843929
                ],
                [
                    232.43021779038583,
                    333.1756198291199
                ],
                [
                    231.91725748444327,
                    365.47100763010394
                ],
                [
                    240.63734787803867,
                    410.0694003076534
                ],
                [
                    239.09851392169662,
                    431.5996588416428
                ],
                [
                    226.27488196501767,
                    460.3067015084547
                ],
                [
                    231.40434413998634,
                    464.9203283371667
                ],
                [
                    245.25384974706492,
                    440.31431858403596
                ],
                [
                    247.305597047864,
                    408.53152469808276
                ],
                [
                    240.63734787803878,
                    370.5972753060859
                ],
                [
                    244.22792913517992,
                    326.51152347580637
                ],
                [
                    244.74088944112248,
                    306.00649970411774
                ],
                [
                    249.87035161609117,
                    284.9888820173982
                ],
                [
                    254.4868534851172,
                    258.3323558074269
                ],
                [
                    254.4868534851172,
                    239.8778484925789
                ],
                [
                    251.92209891689015,
                    217.3223551962887
                ],
                [
                    256.53860078591623,
                    203.48147471015267
                ],
                [
                    256.53860078591634,
                    191.1784463674678
                ],
                [
                    251.9220989168901,
                    176.82494850018134
                ],
                [
                    245.7667630915218,
                    173.2365564337701
                ],
                [
                    239.09851392169656,
                    156.83256557576266
                ]
            ]
        }
    ],
    "height": 512,
    "key": "0018.jpg",
    "width": 512
}