{
    "boxes": [
        {
            "id": "1",
            "type": "polygon",
            "label": "Bowl",
            "x": "225.1755",
            "y": "270.1606",
            "width": "216.3156",
            "height": "304.4237",
            "points": [
                [
                    333.3333176832932,
                    117.94871697059045
                ],
                [
                    317.06613235068494,
                    138.37805826091457
                ],
                [
                    300.1389588309223,
                    156.31992472849274
                ],
                [
                    294.49653635001107,
                    173.23655643377006
                ],
                [
                    256.02568744145935,
                    221.93598202500067
                ],
                [
                    214.99008396468065,
                    274.7363466654343
                ],
                [
                    194.47232918777672,
                    302.93074848497633
                ],
                [
                    177.54515566801393,
                    341.3776387242431
                ],
                [
                    164.721523711335,
                    372.1351509156566
                ],
                [
                    117.01767106473096,
                    416.73354359320604
                ],
                [
                    124.19888054049869,
                    422.3724051842188
                ],
                [
                    168.82506527441865,
                    378.28665335393924
                ],
                [
                    182.67457088149723,
                    344.96603079065443
                ],
                [
                    191.39466127509257,
                    329.0746338476778
                ],
                [
                    203.7053329258291,
                    304.98126494181696
                ],
                [
                    222.68425374639088,
                    281.400489950987
                ],
                [
                    252.4350592228326,
                    239.8778484925789
                ],
                [
                    294.49653635001096,
                    186.0522021576054
                ],
                [
                    303.2166267436063,
                    163.4966853951957
                ],
                [
                    320.14380026336903,
                    144.52956069919728
                ]
            ]
        }
    ],
    "height": 512,
    "key": "0019.jpg",
    "width": 512
}