{
    "boxes": [
        {
            "id": "1",
            "type": "polygon",
            "label": "Bowl",
            "x": "279.5765",
            "y": "167.8540",
            "width": "369.4094",
            "height": "43.5731",
            "points": [
                [
                    94.87177922175482,
                    187.17948620135962
                ],
                [
                    231.40434413998622,
                    181.4385753288933
                ],
                [
                    293.9836230055539,
                    168.6229296050581
                ],
                [
                    338.6098077394738,
                    153.24417350935138
                ],
                [
                    407.8573357748668,
                    146.06743630876795
                ],
                [
                    451.45759989690157,
                    154.26943173777164
                ],
                [
                    464.2811848920952,
                    160.42093417605435
                ],
                [
                    463.2553582031811,
                    168.62292960505806
                ],
                [
                    447.86701863976043,
                    159.39567594763406
                ],
                [
                    406.31850181852474,
                    153.24417350935138
                ],
                [
                    338.09680047204586,
                    161.958809785625
                ],
                [
                    288.8541138690997,
                    175.28707289061063
                ],
                [
                    229.35254987770168,
                    187.59007776717604
                ],
                [
                    94.96103536999948,
                    189.64057075789708
                ]
            ]
        }
    ],
    "height": 512,
    "key": "0020.jpg",
    "width": 512
}