{
    "boxes": [
        {
            "id": "1",
            "type": "polygon",
            "label": "Bowl",
            "x": "161.9003",
            "y": "236.0332",
            "width": "46.6780",
            "height": "32.2954",
            "points": [
                [
                    141.63901436620398,
                    252.1808533691442
                ],
                [
                    138.5613464535199,
                    238.33997288300824
                ],
                [
                    139.58722010391938,
                    228.08748446328337
                ],
                [
                    148.82022384197177,
                    221.93598202500073
                ],
                [
                    158.0532275800241,
                    219.8854655681601
                ],
                [
                    173.44156714344481,
                    226.54960885371273
                ],
                [
                    179.08398962435606,
                    234.75158081659694
                ],
                [
                    185.2393254497244,
                    247.0545856931623
                ],
                [
                    184.72636514378172,
                    251.66821252187427
                ]
            ]
        }
    ],
    "height": 512,
    "key": "0021.jpg",
    "width": 512
}