{
    "boxes": [
        {
            "id": "1",
            "type": "polygon",
            "label": "Bowl",
            "x": "272.4399",
            "y": "281.4653",
            "width": "60.5274",
            "height": "43.9562",
            "points": [
                [
                    245.6410099909856,
                    259.48717850905194
                ],
                [
                    242.68909517883776,
                    271.660595446293
                ],
                [
                    242.1761818343807,
                    279.34997349414635
                ],
                [
                    250.38326496054816,
                    294.2161356748223
                ],
                [
                    274.4916949175642,
                    303.4433893322462
                ],
                [
                    302.70361947617846,
                    291.1403844556809
                ],
                [
                    302.19070613172124,
                    267.5596094648509
                ],
                [
                    301.16478551983624,
                    260.3828722642674
                ]
            ]
        }
    ],
    "height": 512,
    "key": "0022.jpg",
    "width": 512
}