{
    "boxes": [
        {
            "id": "1",
            "type": "polygon",
            "label": "Bowl",
            "x": "89.9661",
            "y": "319.5736",
            "width": "8.3177",
            "height": "17.9380",
            "points": [
                [
                    90.70207694286978,
                    310.60459729298384
                ],
                [
                    94.12491578363425,
                    320.23011099469727
                ],
                [
                    91.35236439250482,
                    324.84815218873086
                ],
                [
                    85.80726161024594,
                    328.5425851439577
                ]
            ]
        },
        {
            "id": "2",
            "type": "polygon",
            "label": "Bowl",
            "x": "362.0889",
            "y": "390.4770",
            "width": "10.5727",
            "height": "13.0358",
            "points": [
                [
                    356.80259510715786,
                    396.994869683126
                ],
                [
                    359.0576230719039,
                    387.961391235952
                ],
                [
                    361.5220755922173,
                    383.9590794723607
                ],
                [
                    367.3752772452923,
                    385.4984453278963
                ]
            ]
        },
        {
            "id": "3",
            "type": "polygon",
            "label": "Bowl",
            "x": "383.2404",
            "y": "344.0900",
            "width": "5.2371",
            "height": "18.7800",
            "points": [
                [
                    382.67347881757473,
                    349.8729029248667
                ],
                [
                    380.6218928670098,
                    343.0124663427873
                ],
                [
                    380.9299353301234,
                    336.5472086711403
                ],
                [
                    385.85895318615513,
                    334.6999921935269
                ],
                [
                    382.7783029242097,
                    353.4800075917391
                ]
            ]
        },
        {
            "id": "4",
            "type": "polygon",
            "label": "Bowl",
            "x": "331.2083",
            "y": "238.4908",
            "width": "9.6104",
            "height": "5.2338",
            "points": [
                [
                    336.01349212557284,
                    238.99768702307998
                ],
                [
                    327.63537397243687,
                    241.10768126568408
                ],
                [
                    326.4030913045777,
                    235.87389654806492
                ]
            ]
        }
    ],
    "height": 512,
    "key": "0023.jpg",
    "width": 512
}