{
    "boxes": [
        {
            "id": "1",
            "type": "polygon",
            "label": "Bowl",
            "x": "284.2993",
            "y": "117.4233",
            "width": "13.2502",
            "height": "11.0443",
            "points": [
                [
                    277.67418497297183,
                    111.90114114984435
                ],
                [
                    278.4494469533272,
                    121.906501728756
                ],
                [
                    290.92441994545294,
                    122.94543538669308
                ]
            ]
        },
        {
            "id": "2",
            "type": "polygon",
            "label": "Bowl",
            "x": "321.9386",
            "y": "181.5896",
            "width": "5.8910",
            "height": "11.5394",
            "points": [
                [
                    320.80635882877283,
                    175.81990481566987
                ],
                [
                    318.9931091777358,
                    182.5109598241291
                ],
                [
                    324.88408979657083,
                    187.35932217879196
                ]
            ]
        },
        {
            "id": "3",
            "type": "polygon",
            "label": "Bowl",
            "x": "253.8068",
            "y": "343.3474",
            "width": "16.5549",
            "height": "14.9416",
            "points": [
                [
                    262.08424261545343,
                    335.87664635285904
                ],
                [
                    251.42033880372156,
                    338.6973303025828
                ],
                [
                    245.5293581848864,
                    350.81821240993577
                ]
            ]
        },
        {
            "id": "4",
            "type": "polygon",
            "label": "Bowl",
            "x": "115.9283",
            "y": "391.5098",
            "width": "43.6624",
            "height": "9.3504",
            "points": [
                [
                    134.98725754388155,
                    391.3366250694818
                ],
                [
                    127.36365236241684,
                    386.83460035558045
                ],
                [
                    117.66088501559791,
                    392.02926864526586
                ],
                [
                    106.57203070887402,
                    392.72188051531094
                ],
                [
                    102.41370637816546,
                    392.0292686452659
                ],
                [
                    99.29496313013402,
                    391.68294685737385
                ],
                [
                    94.09705771674834,
                    396.18500327701423
                ],
                [
                    137.7594631891883,
                    393.76081417324804
                ]
            ]
        }
    ],
    "height": 512,
    "key": "0024.jpg",
    "width": 512
}