{
    "boxes": [
        {
            "id": "1",
            "type": "polygon",
            "label": "Bowl",
            "x": "144.6687",
            "y": "267.3033",
            "width": "44.2092",
            "height": "17.9419",
            "points": [
                [
                    122.5640869140625,
                    272.56410158597504
                ],
                [
                    126.7636351087258,
                    266.0217338552802
                ],
                [
                    138.04838614757728,
                    258.3323558074269
                ],
                [
                    154.97555966734006,
                    258.3323558074269
                ],
                [
                    164.2085634053924,
                    265.5090930080104
                ],
                [
                    166.77331797361956,
                    276.27422227500506
                ]
            ]
        },
        {
            "id": "2",
            "type": "polygon",
            "label": "Bowl",
            "x": "340.5897",
            "y": "263.7824",
            "width": "42.2052",
            "height": "19.1020",
            "points": [
                [
                    319.4871638371394,
                    273.3333323552058
                ],
                [
                    324.7603021323954,
                    261.40810702656825
                ],
                [
                    332.96738525856256,
                    256.7944801978562
                ],
                [
                    336.5579665157037,
                    255.76924543555543
                ],
                [
                    341.6874756521579,
                    254.23136982598476
                ],
                [
                    358.10164190449274,
                    257.81971496015694
                ],
                [
                    361.69231708460484,
                    264.99649909297943
                ],
                [
                    361.69231708460484,
                    268.5848442271516
                ],
                [
                    355.53698125923654,
                    273.1984710558637
                ]
            ]
        }
    ],
    "height": 512,
    "key": "0025.jpg",
    "width": 512
}