{
    "boxes": [
        {
            "id": "1",
            "type": "polygon",
            "label": "Bowl",
            "x": "274.5214",
            "y": "80.1369",
            "width": "8.6900",
            "height": "15.0006",
            "points": [
                [
                    271.75639267750745,
                    74.74198580835231
                ],
                [
                    270.17640031151893,
                    82.63702774236795
                ],
                [
                    271.75639267750745,
                    87.37405290277735
                ],
                [
                    278.8663583244557,
                    87.6372289984965
                ],
                [
                    272.2830487632468,
                    72.63664932386676
                ]
            ]
        },
        {
            "id": "2",
            "type": "polygon",
            "label": "Bowl",
            "x": "297.5630",
            "y": "154.7451",
            "width": "10.5333",
            "height": "50.5283",
            "points": [
                [
                    295.1237912476545,
                    134.00358008172782
                ],
                [
                    292.29631754412816,
                    141.84984224748533
                ],
                [
                    292.2963175441282,
                    145.53419916565196
                ],
                [
                    295.98293425307435,
                    150.53438837490256
                ],
                [
                    298.08960681357246,
                    157.37677411355338
                ],
                [
                    299.1429189850513,
                    168.69298482313854
                ],
                [
                    296.2462984590994,
                    171.06149740334322
                ],
                [
                    293.8763099101167,
                    178.16703514395732
                ],
                [
                    296.509614447584,
                    180.0092196264796
                ],
                [
                    302.82958391153795,
                    180.0092196264796
                ],
                [
                    295.45630227610513,
                    129.48095124877946
                ]
            ]
        },
        {
            "id": "3",
            "type": "polygon",
            "label": "Bowl",
            "x": "250.9229",
            "y": "319.5334",
            "width": "17.3194",
            "height": "18.4218",
            "points": [
                [
                    259.58256653483966,
                    312.10460614261115
                ],
                [
                    253.323140371385,
                    310.32253157021927
                ],
                [
                    246.4765148216915,
                    311.37521185933997
                ],
                [
                    242.52653390672032,
                    317.16489321511426
                ],
                [
                    242.26319380946552,
                    324.27043095572833
                ],
                [
                    245.94985873595218,
                    328.74430411417444
                ]
            ]
        }
    ],
    "height": 512,
    "key": "0026.jpg",
    "width": 512
}