{
    "boxes": [
        {
            "id": "1",
            "type": "polygon",
            "label": "Bowl",
            "x": "193.1900",
            "y": "138.6344",
            "width": "81.5582",
            "height": "35.3711",
            "points": [
                [
                    233.96905174672793,
                    140.42855125163558
                ],
                [
                    217.04187822696514,
                    124.02453692750859
                ],
                [
                    189.85582731875053,
                    120.94878570836727
                ],
                [
                    169.3380255803612,
                    126.58767076549955
                ],
                [
                    152.41085206059844,
                    136.8401826513439
                ],
                [
                    165.23448401727745,
                    153.24417350935136
                ],
                [
                    183.70049149338223,
                    154.26943173777164
                ],
                [
                    201.14057835760207,
                    156.3199247284927
                ],
                [
                    214.9900839646806,
                    155.29468996619195
                ]
            ]
        }
    ],
    "height": 512,
    "key": "0027.jpg",
    "width": 512
}