{
    "boxes": [
        {
            "id": "1",
            "type": "polygon",
            "label": "Bowl",
            "x": "256.9911",
            "y": "135.5586",
            "width": "62.7002",
            "height": "57.9267",
            "points": [
                [
                    225.6410099909856,
                    107.17948620135967
                ],
                [
                    227.81371592135963,
                    120.94878570836727
                ],
                [
                    234.48201205267029,
                    129.6634219846409
                ],
                [
                    231.91725748444333,
                    137.35280003249426
                ],
                [
                    234.48201205267043,
                    151.7062978997807
                ],
                [
                    254.9997668295743,
                    154.7820491189221
                ],
                [
                    260.6421893104855,
                    162.47142716677538
                ],
                [
                    271.926940349337,
                    164.52194362361598
                ],
                [
                    288.3412005246428,
                    160.42093417605437
                ],
                [
                    284.7506192675015,
                    148.117929299489
                ],
                [
                    281.1599440873895,
                    136.84018265134392
                ],
                [
                    270.9011136604229,
                    123.51191954635829
                ],
                [
                    247.81855735380645,
                    115.8225414985049
                ],
                [
                    226.78784227096003,
                    106.59528784108082
                ]
            ]
        }
    ],
    "height": 512,
    "key": "0028.jpg",
    "width": 512
}