{
    "boxes": [
        {
            "id": "1",
            "type": "polygon",
            "label": "Bowl",
            "x": "284.9386",
            "y": "194.1766",
            "width": "13.7126",
            "height": "18.6097",
            "points": [
                [
                    291.79485614483167,
                    184.87179389366736
                ],
                [
                    279.10819678659027,
                    190.15318813904742
                ],
                [
                    278.08227617470527,
                    196.30469057733012
                ],
                [
                    287.8282871801856,
                    203.48147471015267
                ]
            ]
        }
    ],
    "height": 512,
    "key": "0029.jpg",
    "width": 512
}