{
    "boxes": [
        {
            "id": "1",
            "type": "polygon",
            "label": "Bowl",
            "x": "204.1615",
            "y": "268.3285",
            "width": "18.5795",
            "height": "22.0429",
            "points": [
                [
                    194.87177922175482,
                    264.1025631244366
                ],
                [
                    199.0888310568029,
                    257.3071210451261
                ],
                [
                    209.8606687511974,
                    258.84499665469673
                ],
                [
                    213.4512500083385,
                    263.97121739843965
                ],
                [
                    213.4512500083385,
                    273.19847105586365
                ],
                [
                    211.3995027075394,
                    279.3499734941464
                ]
            ]
        }
    ],
    "height": 512,
    "key": "0030.jpg",
    "width": 512
}